Sample,Source,Nursery,Barcode,Owner,base_ITS_new,Replicate,Reads-Pst,Keep,Reads-Msp
A-1,root,A,TGACGCCA,J.Weiland,NA,NA,3520159,1,1614764
A-2_1,stem,A,CAGATA,J.Weiland,C,*,4125546,1,3851941
A-2_2,stem,A,TTGCTG,J.Weiland,C,*,3510669,NA,2596023
A-3,stem,A,GAAGTG,J.Weiland,C,NA,4731277,1,3282824
A-4,root,A,TAGCGGAT,J.Weiland,C,NA,3180974,1,1691431
A-5,root,A,TATTCGCAT,J.Weiland,NA,NA,4451,1,2868444
A-6,stem,A,ATAGAT,N.Grunwald,NA,NA,2095235,1,1000186
A-7,stem,A,CGCAACCAGT,N.Grunwald,NA,NA,1460406,1,1141997
A-8,stem,A,CCGAACA,N.Grunwald,NA,NA,1361003,1,477556
A-9_1,leaf,A,GGAAGACAT,N.Grunwald,NA,*,5585004,1,4466336
A-9_2,leaf,A,TCACTG,N.Grunwald,NA,*,3501047,NA,2804417
A-10_1,stem,A,GGCTTA,N.Grunwald,NA,*,3498037,1,1865112
A-10_2,stem,A,ACAGT,N.Grunwald,NA,*,2403265,NA,1344628
A-11,leaf,A,AACGCACATT,N.Grunwald,NA,NA,4507346,1,1975412
A-12,leaf,A,GAGCGACAT,N.Grunwald,NA,NA,4753914,1,2554451
A-13,root,A,CCTTGCCATT,J.Weiland,C,NA,2036473,1,942631
A-14,stem,A,GGTATA,J.Weiland,NA,NA,2873644,1,1277532
A-15_1,stem,A,TCTTGG,J.Weiland,Y,*,4956727,1,2601698
A-15_2,stem,A,GGAGTCAAG,J.Weiland,Y,*,1892148,NA,1033151
A-16,stem,A,GGTGT,J.Weiland,Y,NA,3260626,1,1276544
A-17_1,root,A,GGATA,J.Weiland,Y,*,4437647,1,2483177
A-17_2,root,A,TGAAT,J.Weiland,Y,*,2732229,NA,1472790
A-18,stem,A,CTAAGCA,J.Weiland,NA,NA,1049136,1,574875
A-19,stem,A,ATTAT,J.Weiland,NA,NA,1731481,1,982314
A-20,stem,A,GCGCTCA,J.Weiland,C,NA,2521786,1,1450826
A-21_1,stem,A,ACTGCGAT,J.Weiland,C,*,1748953,NA,897183
A-21_2,stem,A,CATAT,J.Weiland,C,*,1813731,1,1040132
B-1_1,stem,B,TTCGTT,J.Weiland,Y,*,3628178,NA,3130083
B-1_2,stem,B,GTGACACAT,J.Weiland,Y,*,4022858,1,3391782
B-1_3,stem,B,GCCTACCT,J.Weiland,Y,*,3507896,NA,2466821
B-2,stem,B,ATATAA,J.Weiland,Y,*,1873805,NA,1193250
B-3_1,stem,B,TGGCAACAGA,J.Weiland,Y,*,3247511,NA,2681631
B-3_2,stem,B,TATGT,J.Weiland,Y,*,4242687,1,3396800
B-4,stem,B,CTCGTCG,J.Weiland,Y,*,848986,NA,439978
B-5,stem,B,CAGTGCCATT,J.Weiland,Y,NA,1428449,NA,893055
B-6,stem,B,CACCA,J.Weiland,Y,NA,2973094,1,2605077
B-7_1,stem,B,AATTAG,J.Weiland,Y,*,1821266,NA,2011699
B-7_2,stem,B,ACAACCAACT,J.Weiland,Y,*,3328694,1,2673208
B-8,stem,B,GGAACGA,J.Weiland,Y,NA,3162525,1,2136127
B-9_1,stem,B,ACAACT,J.Weiland,C,*,3624744,NA,3172724
B-9_2,stem,B,TGCAGA,J.Weiland,C,*,4689692,1,2589886
B-10,stem,B,ACTGCT,J.Weiland,C,NA,3828634,1,3264073
B-11_1,stem,B,CGTGGACAGT,J.Weiland,Y,*,1169719,NA,1317425
B-11_2,stem,B,CATCTGCCG,J.Weiland,Y,*,2432882,1,1778795
B-12,stem,B,TGGCACAGA,J.Weiland,Y,NA,2695698,1,3814391
B-13_1,stem,B,TGCTT,J.Weiland,Y,*,4104310,NA,2833588
B-13_2,stem,B,GGACAG,J.Weiland,Y,*,7448713,1,3915023
B-14,stem,B,GCAAGCCAT,J.Weiland,Y,NA,2821187,1,1959908
B-15,stem,B,CGCACCAATT,J.Weiland,NA,NA,1392302,1,1304735
B-16,stem,B,CTCGCGG,J.Weiland,NA,NA,1900349,1,1541093
C-1_1,stem,C,AATGAACGA,J.Weiland,Y,*,3371723,NA,3157883
C-1_2,stem,C,GCCAACAAGA,J.Weiland,Y,*,3992674,1,2657003
C-2_1,stem,C,CGTCGCCACT,J.Weiland,Y,*,1321721,NA,1056266
C-2_2,stem,C,CAACCACACA,N.Grunwald,Y,*,2107878,1,1606130
C-3_1,leaf,C,ATGGCAA,N.Grunwald,NA,*,1716850,NA,1918723
C-3_2,leaf,C,TGCCGCAT,N.Grunwald,NA,*,3839545,1,3164771
C-4,stem,C,TGGCCAG,J.Weiland,Y,NA,3427738,1,2430189
C-5,leaf,C,GAAGCA,N.Grunwald,NA,NA,3254747,1,2886172
C-6_1,leaf,C,AACGTGCCT,N.Grunwald,NA,*,1564210,NA,1968168
C-6_2,leaf,C,CGTGTCA,N.Grunwald,NA,*,2514005,1,2130471
C-7,leaf,C,CCTCG,N.Grunwald,NA,NA,1845708,1,1279696
C-8,leaf,C,CTCAT,N.Grunwald,NA,NA,2866091,1,2335223
C-9,leaf,C,ACGGTACT,N.Grunwald,NA,NA,3208179,1,2458280
C-10_1,leaf,C,GCGCCG,N.Grunwald,NA,*,2345180,1,1260625
C-10_2,leaf,C,GCTCCGA,N.Grunwald,NA,*,1425116,NA,847254
C-11,leaf,C,CAAGT,N.Grunwald,NA,NA,2966954,1,2353156
C-12_1,leaf,C,TCCGAG,N.Grunwald,NA,*,1861814,NA,1020584
C-12_2,leaf,C,TCAGAGAT,N.Grunwald,NA,*,3521030,1,2758374
C-13,leaf,C,TAGATGA,N.Grunwald,NA,NA,3343811,1,2980337
C-14_1,stem,C,GCACGAT,J.Weiland,Y,*,3678633,1,2699370
C-14_2,stem,C,CGTTCA,J. Weiland,Y,*,1675803,NA,1269525
H-1,stem,H,AACTGG,J.Parke,C,NA,2940999,1,2224403
H-2_1,soil,H,ATGAGCAA,J.Parke,C,*,1947420,NA,2001709
H-2_2,soil,H,ATCTGT,J.Parke,C,*,3278156,1,2690367
H-3,soil,H,CTTGA,J.Parke,C,NA,2278228,1,1933698
H-4_1,soil,H,GCGTCCT,J.Parke,C,*,11643948,1,6710516
H-4_2,soil,H,AAGACGCT,J.Parke,NA,*,2309965,NA,1412186
H-5,soil,H,ACCAGGA,J.Parke,Y,NA,3339337,1,2881437
H-6_1,soil,H,CCACTCA,J.Parke,T,*,1524665,NA,1833134
H-6_2,soil,H,GAATGCAATA,J.Parke,T,*,2987154,1,2257292
H-7,leaf,H,TCACGGAAG,N.Grunwald,NA,NA,2130733,1,2235631
H-8_1,leaf,H,TATCA,N.Grunwald,NA,*,3424320,NA,3606839
H-8_2,leaf,H,TAGCAG,N.Grunwald,NA,*,4123518,1,3644739
H-9,leaf,H,TAGCCAA,N.Grunwald,Y,NA,3460178,1,3168675
H-10,leaf,H,ATATCGCCA,N.Grunwald,NA,NA,2090366,1,2222743
H-11_1,leaf,H,CTCTA,N.Grunwald,NA,*,1813779,NA,1786308
H-11_2,leaf,H,ATCCG,N.Grunwald,NA,*,3045445,1,1759495
H-12_1,leaf,H,CTCTCGCAT,N.Grunwald,NA,*,1728727,NA,1116216
H-12_2,leaf,H,CTTAG,N.Grunwald,NA,*,2058368,1,1372477
H-13,leaf,H,GGTGCACATT,N.Grunwald,NA,NA,16290909,1,27168717
H-14,leaf,H,CAGAGGT,N.Grunwald,NA,NA,1332586,1,1619862
H-15,leaf,H,GCGTACAAT,N.Grunwald,NA,NA,2690161,1,1559941
H-16_1,leaf,H,ACGCGCG,N.Grunwald,NA,*,2180822,NA,2051133
H-16_2,leaf,H,TTATTACAT,N.Grunwald,NA,*,2480227,1,1673274
H-17,leaf,H,GTCGCCT,N.Grunwald,NA,NA,11908607,1,13719767
H-18,leaf,H,AATAACCAA,N.Grunwald,NA,NA,17049474,1,44457291
